<metadata xml:lang="en"><Esri><CreaDate>20190703</CreaDate><CreaTime>12075300</CreaTime><ArcGISFormat>1.0</ArcGISFormat><SyncOnce>FALSE</SyncOnce><DataProperties><lineage><Process ToolSource="e:\sw_nt\arcgis\desktop10.6\ArcToolbox\Toolboxes\Data Management Tools.tbx\CalculateField" Date="20190214" Time="163743" Name="" export="">CalculateField CHSA_2018g LHA_CD1997 [LHA_CD_199] VB #</Process><Process ToolSource="e:\sw_nt\arcgis\desktop10.6\ArcToolbox\Toolboxes\Data Management Tools.tbx\AddGeometryAttributes" Date="20190215" Time="102740" Name="" export="">AddGeometryAttributes CHSA_2018 CENTROID # # PROJCS['WGS_1984_World_Mercator',GEOGCS['GCS_WGS_1984',DATUM['D_WGS_1984',SPHEROID['WGS_1984',6378137.0,298.257223563]],PRIMEM['Greenwich',0.0],UNIT['Degree',0.0174532925199433]],PROJECTION['Mercator'],PARAMETER['False_Easting',0.0],PARAMETER['False_Northing',0.0],PARAMETER['Central_Meridian',0.0],PARAMETER['Standard_Parallel_1',0.0],UNIT['Meter',1.0]]</Process><Process ToolSource="e:\sw_nt\arcgis\desktop10.6\ArcToolbox\Toolboxes\Data Management Tools.tbx\CalculateField" Date="20190628" Time="122648" Name="" export="">CalculateField CHSA_2018 CHSA_CD2 [CHSA_CD] VB #</Process><Process ToolSource="e:\sw_nt\arcgis\desktop10.6\ArcToolbox\Toolboxes\Data Management Tools.tbx\CalculateField" Date="20190628" Time="122700" Name="" export="">CalculateField CHSA_2018 CHSA_Name2 [CHSA_Name] VB #</Process><Process ToolSource="e:\sw_nt\arcgis\desktop10.6\ArcToolbox\Toolboxes\Data Management Tools.tbx\CalculateField" Date="20190628" Time="122711" Name="" export="">CalculateField CHSA_2018 CHSA_Titl2 [CHSA_Title] VB #</Process><Process ToolSource="e:\sw_nt\arcgis\desktop10.6\ArcToolbox\Toolboxes\Data Management Tools.tbx\CalculateField" Date="20190628" Time="122725" Name="" export="">CalculateField CHSA_2018 LHA_CD2 [LHA_CD] VB #</Process><Process ToolSource="e:\sw_nt\arcgis\desktop10.6\ArcToolbox\Toolboxes\Data Management Tools.tbx\CalculateField" Date="20190628" Time="122734" Name="" export="">CalculateField CHSA_2018 LHA_Name2 [LHA_Name] VB #</Process><Process ToolSource="e:\sw_nt\arcgis\desktop10.6\ArcToolbox\Toolboxes\Data Management Tools.tbx\CalculateField" Date="20190628" Time="122747" Name="" export="">CalculateField CHSA_2018 LHA_Title2 [LHA_Title] VB #</Process><Process ToolSource="e:\sw_nt\arcgis\desktop10.6\ArcToolbox\Toolboxes\Data Management Tools.tbx\CalculateField" Date="20190628" Time="122906" Name="" export="">CalculateField CHSA_2018 LHA_CD97_2 [LHA_CD1997] VB #</Process><Process ToolSource="e:\sw_nt\arcgis\desktop10.6\ArcToolbox\Toolboxes\Data Management Tools.tbx\CalculateField" Date="20190628" Time="122937" Name="" export="">CalculateField CHSA_2018 HSDA_CD2 [HSDA_CD] VB #</Process><Process ToolSource="e:\sw_nt\arcgis\desktop10.6\ArcToolbox\Toolboxes\Data Management Tools.tbx\CalculateField" Date="20190628" Time="122959" Name="" export="">CalculateField CHSA_2018 HSDA_ID2 [HSDA_ID] VB #</Process><Process ToolSource="e:\sw_nt\arcgis\desktop10.6\ArcToolbox\Toolboxes\Data Management Tools.tbx\CalculateField" Date="20190628" Time="123013" Name="" export="">CalculateField CHSA_2018 HSDA_Name2 [HSDA_Name] VB #</Process><Process ToolSource="e:\sw_nt\arcgis\desktop10.6\ArcToolbox\Toolboxes\Data Management Tools.tbx\CalculateField" Date="20190628" Time="123028" Name="" export="">CalculateField CHSA_2018 HSDA_Titl2 [HSDA_Title] VB #</Process><Process ToolSource="e:\sw_nt\arcgis\desktop10.6\ArcToolbox\Toolboxes\Data Management Tools.tbx\CalculateField" Date="20190628" Time="123039" Name="" export="">CalculateField CHSA_2018 HA_CD2 [HA_CD] VB #</Process><Process ToolSource="e:\sw_nt\arcgis\desktop10.6\ArcToolbox\Toolboxes\Data Management Tools.tbx\CalculateField" Date="20190628" Time="123053" Name="" export="">CalculateField CHSA_2018 HA_ID2 [HA_ID] VB #</Process><Process ToolSource="e:\sw_nt\arcgis\desktop10.6\ArcToolbox\Toolboxes\Data Management Tools.tbx\CalculateField" Date="20190628" Time="123109" Name="" export="">CalculateField CHSA_2018 HA_Name2 [HA_Name] VB #</Process><Process ToolSource="e:\sw_nt\arcgis\desktop10.6\ArcToolbox\Toolboxes\Data Management Tools.tbx\CalculateField" Date="20190628" Time="123120" Name="" export="">CalculateField CHSA_2018 HA_Title2 [HA_Title] VB #</Process><Process ToolSource="e:\sw_nt\arcgis\desktop10.6\ArcToolbox\Toolboxes\Data Management Tools.tbx\CalculateField" Date="20190628" Time="123135" Name="" export="">CalculateField CHSA_2018 CHSA_UR_C2 [CHSA_UR_Cl] VB #</Process><Process ToolSource="e:\sw_nt\arcgis\desktop10.6\ArcToolbox\Toolboxes\Data Management Tools.tbx\CalculateField" Date="20190628" Time="123151" Name="" export="">CalculateField CHSA_2018 CHSA_Pop06 [CHSA_Pop20] VB #</Process><Process ToolSource="e:\sw_nt\arcgis\desktop10.6\ArcToolbox\Toolboxes\Data Management Tools.tbx\CalculateField" Date="20190628" Time="123217" Name="" export="">CalculateField CHSA_2018 Lat [Latitude] VB #</Process><Process ToolSource="e:\sw_nt\arcgis\desktop10.6\ArcToolbox\Toolboxes\Data Management Tools.tbx\CalculateField" Date="20190628" Time="123225" Name="" export="">CalculateField CHSA_2018 Long [Longitude] VB #</Process><Process ToolSource="C:\Program Files (x86)\XTools\XTools Pro\Toolbox\XTools Pro.tbx\XToolsGP_DeleteMultipleFields" Date="20190628" Time="124514" Name="" export="">XToolsGP_DeleteMultipleFields CHSA_2018 CHSA_CD;CHSA_Name;CHSA_Title;LHA_CD;LHA_Name;LHA_Title;HSDA_CD;HSDA_ID;HSDA_Name;HSDA_Title;HA_CD;HA_ID;HA_Name;CHSA_UR_Cl;CHSA_Pop20;HA_Title;CHSA_Area;LHA_CD1997;Latitude;Longitude</Process><Process ToolSource="e:\sw_nt\arcgis\desktop10.6\ArcToolbox\Toolboxes\Data Management Tools.tbx\CalculateField" Date="20190628" Time="132820" Name="" export="">CalculateField CHSA_2018 CHSA_CD [Longitude] VB #</Process><Process ToolSource="e:\sw_nt\arcgis\desktop10.6\ArcToolbox\Toolboxes\Data Management Tools.tbx\CalculateField" Date="20190628" Time="132840" Name="" export="">CalculateField CHSA_2018 CHSA_CD [CHSA_CD2] VB #</Process><Process ToolSource="e:\sw_nt\arcgis\desktop10.6\ArcToolbox\Toolboxes\Data Management Tools.tbx\CalculateField" Date="20190628" Time="132850" Name="" export="">CalculateField CHSA_2018 CHSA_Name [CHSA_Name2] VB #</Process><Process ToolSource="e:\sw_nt\arcgis\desktop10.6\ArcToolbox\Toolboxes\Data Management Tools.tbx\CalculateField" Date="20190628" Time="132904" Name="" export="">CalculateField CHSA_2018 CHSA_Title [CHSA_Titl2] VB #</Process><Process ToolSource="e:\sw_nt\arcgis\desktop10.6\ArcToolbox\Toolboxes\Data Management Tools.tbx\CalculateField" Date="20190628" Time="132918" Name="" export="">CalculateField CHSA_2018 LHA_CD [LHA_CD2] VB #</Process><Process ToolSource="e:\sw_nt\arcgis\desktop10.6\ArcToolbox\Toolboxes\Data Management Tools.tbx\CalculateField" Date="20190628" Time="132926" Name="" export="">CalculateField CHSA_2018 LHA_Name [LHA_Name2] VB #</Process><Process ToolSource="e:\sw_nt\arcgis\desktop10.6\ArcToolbox\Toolboxes\Data Management Tools.tbx\CalculateField" Date="20190628" Time="132938" Name="" export="">CalculateField CHSA_2018 LHA_Title [LHA_Title2] VB #</Process><Process ToolSource="e:\sw_nt\arcgis\desktop10.6\ArcToolbox\Toolboxes\Data Management Tools.tbx\CalculateField" Date="20190628" Time="132947" Name="" export="">CalculateField CHSA_2018 LHA_CD1997 [LHA_CD97_2] VB #</Process><Process ToolSource="e:\sw_nt\arcgis\desktop10.6\ArcToolbox\Toolboxes\Data Management Tools.tbx\CalculateField" Date="20190628" Time="132957" Name="" export="">CalculateField CHSA_2018 HSDA_CD [HSDA_CD2] VB #</Process><Process ToolSource="e:\sw_nt\arcgis\desktop10.6\ArcToolbox\Toolboxes\Data Management Tools.tbx\CalculateField" Date="20190628" Time="133006" Name="" export="">CalculateField CHSA_2018 HSDA_ID [HSDA_ID2] VB #</Process><Process ToolSource="e:\sw_nt\arcgis\desktop10.6\ArcToolbox\Toolboxes\Data Management Tools.tbx\CalculateField" Date="20190628" Time="133014" Name="" export="">CalculateField CHSA_2018 HSDA_Name [HSDA_Name2] VB #</Process><Process ToolSource="e:\sw_nt\arcgis\desktop10.6\ArcToolbox\Toolboxes\Data Management Tools.tbx\CalculateField" Date="20190628" Time="133022" Name="" export="">CalculateField CHSA_2018 HSDA_Title [HSDA_Titl2] VB #</Process><Process ToolSource="e:\sw_nt\arcgis\desktop10.6\ArcToolbox\Toolboxes\Data Management Tools.tbx\CalculateField" Date="20190628" Time="133032" Name="" export="">CalculateField CHSA_2018 HA_CD [HA_CD2] VB #</Process><Process ToolSource="e:\sw_nt\arcgis\desktop10.6\ArcToolbox\Toolboxes\Data Management Tools.tbx\CalculateField" Date="20190628" Time="133042" Name="" export="">CalculateField CHSA_2018 HA_ID [HA_ID2] VB #</Process><Process ToolSource="e:\sw_nt\arcgis\desktop10.6\ArcToolbox\Toolboxes\Data Management Tools.tbx\CalculateField" Date="20190628" Time="133052" Name="" export="">CalculateField CHSA_2018 HA_Name [HA_Name2] VB #</Process><Process ToolSource="e:\sw_nt\arcgis\desktop10.6\ArcToolbox\Toolboxes\Data Management Tools.tbx\CalculateField" Date="20190628" Time="133100" Name="" export="">CalculateField CHSA_2018 HA_Title [HA_Title2] VB #</Process><Process ToolSource="e:\sw_nt\arcgis\desktop10.6\ArcToolbox\Toolboxes\Data Management Tools.tbx\CalculateField" Date="20190628" Time="133111" Name="" export="">CalculateField CHSA_2018 CHSA_UR_Cl [CHSA_UR_C2] VB #</Process><Process ToolSource="e:\sw_nt\arcgis\desktop10.6\ArcToolbox\Toolboxes\Data Management Tools.tbx\CalculateField" Date="20190628" Time="133122" Name="" export="">CalculateField CHSA_2018 CHSA_Pop16 [CHSA_Pop06] VB #</Process><Process ToolSource="e:\sw_nt\arcgis\desktop10.6\ArcToolbox\Toolboxes\Data Management Tools.tbx\CalculateField" Date="20190628" Time="133142" Name="" export="">CalculateField CHSA_2018 Latitude [Lat] VB #</Process><Process ToolSource="e:\sw_nt\arcgis\desktop10.6\ArcToolbox\Toolboxes\Data Management Tools.tbx\CalculateField" Date="20190628" Time="133149" Name="" export="">CalculateField CHSA_2018 Longitude [Long] VB #</Process><Process ToolSource="C:\Program Files (x86)\XTools\XTools Pro\Toolbox\XTools Pro.tbx\XToolsGP_DeleteMultipleFields" Date="20190628" Time="133930" Name="" export="">XToolsGP_DeleteMultipleFields CHSA_2018 CHSA_CD2;CHSA_Name2;CHSA_Titl2;LHA_CD2;LHA_Name2;LHA_Title2;LHA_CD97_2;HSDA_CD2;HSDA_Name2;HSDA_Titl2;HA_CD2;HA_ID2;HSDA_ID2;HA_Name2;HA_Title2;CHSA_UR_C2;CHSA_Pop06;CHSA_Area2;Lat;Long</Process><Process ToolSource="e:\sw_nt\arcgis\desktop10.6\ArcToolbox\Toolboxes\Data Management Tools.tbx\Dissolve" Date="20190703" Time="114923" Name="" export="">Dissolve CHSA_2018 "M:\Restricted\Projects\Geography Project\Version 1.2\50 Data Files\50.2 Shapefiles\50.2.2 BC Shapefiles\LHA\LHA_2018.shp" LHA_CD;LHA_Name;LHA_Title;LHA_CD1997;HSDA_CD;HSDA_ID;HSDA_Name;HSDA_Title;HA_CD;HA_ID;HA_Name;HA_Title "CHSA_Pop16 SUM" MULTI_PART DISSOLVE_LINES</Process><Process ToolSource="e:\sw_nt\arcgis\desktop10.6\ArcToolbox\Toolboxes\Data Management Tools.tbx\CalculateField" Date="20190703" Time="115123" Name="" export="">CalculateField LHA_2018 LHA_Pop16 [SUM_CHSA_P] VB #</Process><Process ToolSource="e:\sw_nt\arcgis\desktop10.6\ArcToolbox\Toolboxes\Data Management Tools.tbx\Dissolve" Date="20190703" Time="115725" Name="" export="">Dissolve LHA_2018 "M:\Restricted\Projects\Geography Project\Version 1.2\50 Data Files\50.2 Shapefiles\50.2.2 BC Shapefiles\HSDA\HSDA_2018.shp" HSDA_CD;HSDA_ID;HSDA_Name;HSDA_Title;HA_CD;HA_ID;HA_Name;HA_Title "LHA_Pop16 SUM" MULTI_PART DISSOLVE_LINES</Process><Process ToolSource="e:\sw_nt\arcgis\desktop10.6\ArcToolbox\Toolboxes\Data Management Tools.tbx\CalculateField" Date="20190703" Time="115852" Name="" export="">CalculateField HSDA_2018 HSDA_Pop16 [SUM_LHA_Po] VB #</Process><Process ToolSource="e:\sw_nt\arcgis\desktop10.6\ArcToolbox\Toolboxes\Data Management Tools.tbx\Dissolve" Date="20190703" Time="120349" Name="" export="">Dissolve HSDA_2018 "M:\Restricted\Projects\Geography Project\Version 1.2\50 Data Files\50.2 Shapefiles\50.2.2 BC Shapefiles\HA\HA_2018.shp" HA_CD;HA_ID;HA_Name;HA_Title "HSDA_Pop16 SUM" MULTI_PART DISSOLVE_LINES</Process><Process ToolSource="e:\sw_nt\arcgis\desktop10.6\ArcToolbox\Toolboxes\Data Management Tools.tbx\CalculateField" Date="20190703" Time="120531" Name="" export="">CalculateField HA_2018 HA_Pop16 [SUM_HSDA_P] VB #</Process></lineage><itemProps><itemName Sync="TRUE">HA_2018</itemName><nativeExtBox><westBL Sync="TRUE">273875.668800</westBL><eastBL Sync="TRUE">1870586.316300</eastBL><southBL Sync="TRUE">369038.735600</southBL><northBL Sync="TRUE">1735670.864500</northBL><exTypeCode Sync="TRUE">1</exTypeCode></nativeExtBox><itemSize Sync="TRUE">9.300</itemSize><itemLocation><linkage Sync="TRUE">file://\\spatialfiles.bcgov\WORK\hlth\vic\kmt\Workarea\CCS\BC Shapefiles\HA\HA_2018.shp</linkage><protocol Sync="TRUE">Local Area Network</protocol></itemLocation><imsContentType Sync="TRUE">002</imsContentType></itemProps><coordRef><type Sync="TRUE">Projected</type><geogcsn Sync="TRUE">GCS_North_American_1983</geogcsn><csUnits Sync="TRUE">Linear Unit: Meter (1.000000)</csUnits><projcsn Sync="TRUE">NAD_1983_BC_Environment_Albers</projcsn><peXml Sync="TRUE">&lt;ProjectedCoordinateSystem xsi:type='typens:ProjectedCoordinateSystem' xmlns:xsi='http://www.w3.org/2001/XMLSchema-instance' xmlns:xs='http://www.w3.org/2001/XMLSchema' xmlns:typens='http://www.esri.com/schemas/ArcGIS/10.6'&gt;&lt;WKT&gt;PROJCS[&amp;quot;NAD_1983_BC_Environment_Albers&amp;quot;,GEOGCS[&amp;quot;GCS_North_American_1983&amp;quot;,DATUM[&amp;quot;D_North_American_1983&amp;quot;,SPHEROID[&amp;quot;GRS_1980&amp;quot;,6378137.0,298.257222101]],PRIMEM[&amp;quot;Greenwich&amp;quot;,0.0],UNIT[&amp;quot;Degree&amp;quot;,0.0174532925199433]],PROJECTION[&amp;quot;Albers&amp;quot;],PARAMETER[&amp;quot;False_Easting&amp;quot;,1000000.0],PARAMETER[&amp;quot;False_Northing&amp;quot;,0.0],PARAMETER[&amp;quot;Central_Meridian&amp;quot;,-126.0],PARAMETER[&amp;quot;Standard_Parallel_1&amp;quot;,50.0],PARAMETER[&amp;quot;Standard_Parallel_2&amp;quot;,58.5],PARAMETER[&amp;quot;Latitude_Of_Origin&amp;quot;,45.0],UNIT[&amp;quot;Meter&amp;quot;,1.0],AUTHORITY[&amp;quot;EPSG&amp;quot;,3005]]&lt;/WKT&gt;&lt;XOrigin&gt;-13239300&lt;/XOrigin&gt;&lt;YOrigin&gt;-8610100&lt;/YOrigin&gt;&lt;XYScale&gt;316279566.22660488&lt;/XYScale&gt;&lt;ZOrigin&gt;-100000&lt;/ZOrigin&gt;&lt;ZScale&gt;10000&lt;/ZScale&gt;&lt;MOrigin&gt;-100000&lt;/MOrigin&gt;&lt;MScale&gt;10000&lt;/MScale&gt;&lt;XYTolerance&gt;0.001&lt;/XYTolerance&gt;&lt;ZTolerance&gt;0.001&lt;/ZTolerance&gt;&lt;MTolerance&gt;0.001&lt;/MTolerance&gt;&lt;HighPrecision&gt;true&lt;/HighPrecision&gt;&lt;WKID&gt;102190&lt;/WKID&gt;&lt;LatestWKID&gt;3005&lt;/LatestWKID&gt;&lt;/ProjectedCoordinateSystem&gt;</peXml></coordRef><copyHistory><copy source="M:\Restricted\Projects\Geography Project\Version 1.2\50 Data Files\50.2 Shapefiles\50.2.2 BC Shapefiles\HA\HA_2018" dest="\\spatialfiles.bcgov\WORK\hlth\vic\kmt\Workarea\CCS\BC Shapefiles\HA\HA_2018" date="20190703" time="12075300"/></copyHistory></DataProperties><SyncDate>20190703</SyncDate><SyncTime>12432600</SyncTime><ModDate>20190703</ModDate><ModTime>12432600</ModTime><ArcGISProfile>ItemDescription</ArcGISProfile><scaleRange><minScale>625000</minScale><maxScale>50000</maxScale></scaleRange></Esri><mdLang><languageCode value="eng"/><countryCode value="USA" Sync="TRUE"/></mdLang><mdChar><CharSetCd value="004"/></mdChar><mdHrLv><ScopeCd value="005"/></mdHrLv><mdStanName>ArcGIS Metadata</mdStanName><mdStanVer>1.0</mdStanVer><dataIdInfo><idPurp>BC Health Regions: Health Authorities (HAs)</idPurp><idAbs>&lt;DIV STYLE="text-align:Left;"&gt;&lt;DIV&gt;&lt;DIV&gt;&lt;P STYLE="margin:0 0 0 0;"&gt;&lt;SPAN&gt;The Health Authorities (HAs) are a mutually exclusive and exhaustive classification of the land area in BC, meaning that the HAs do not overlap with one another (mutually exclusive) and cover all land area in BC (exhaustive). HAs are contiguous (land area is geographically adjacent) and fit within the existing geographical hierarchy (cannot divide lower-level geography boundaries such as the HSDAs). This shapefile constitutes the final and permanent version of the HAs. Next update may coincide with the 2021 census.&lt;/SPAN&gt;&lt;/P&gt;&lt;/DIV&gt;&lt;/DIV&gt;&lt;/DIV&gt;</idAbs><idCredit>Ministry of Health, April 2019.</idCredit><searchKeys><keyword>HEALTH</keyword><keyword>HEALTH REGIONS</keyword><keyword>HA</keyword></searchKeys><resConst><Consts><useLimit>&lt;DIV STYLE="text-align:Left;"&gt;&lt;DIV&gt;&lt;DIV&gt;&lt;P STYLE="margin:0 0 0 0;"&gt;&lt;SPAN&gt;&lt;SPAN&gt;Intended for mapping and visualization purposes only. Do not use for spatial analysis.&lt;/SPAN&gt;&lt;/SPAN&gt;&lt;/P&gt;&lt;/DIV&gt;&lt;/DIV&gt;&lt;/DIV&gt;</useLimit></Consts></resConst><envirDesc Sync="TRUE"> Version 6.2 (Build 9200) ; Esri ArcGIS 10.6.1.9273</envirDesc><dataLang><languageCode value="eng" Sync="TRUE"/><countryCode value="USA" Sync="TRUE"/></dataLang><idCitation><resTitle Sync="TRUE">HA_2018</resTitle><presForm><PresFormCd value="005" Sync="TRUE"/></presForm></idCitation><spatRpType><SpatRepTypCd value="001" Sync="TRUE"/></spatRpType><dataExt><geoEle xmlns=""><GeoBndBox esriExtentType="search"><exTypeCode Sync="TRUE">1</exTypeCode><westBL Sync="TRUE">-139.052201</westBL><eastBL Sync="TRUE">-110.427447</eastBL><northBL Sync="TRUE">60.604560</northBL><southBL Sync="TRUE">47.691699</southBL></GeoBndBox></geoEle></dataExt></dataIdInfo><eainfo><detailed Name="HA_2018"><enttyp><enttypl Sync="TRUE">HA_2018</enttypl><enttypt Sync="TRUE">Feature Class</enttypt><enttypc Sync="TRUE">5</enttypc></enttyp><attr><attrlabl Sync="TRUE">FID</attrlabl><attalias Sync="TRUE">FID</attalias><attrtype Sync="TRUE">OID</attrtype><attwidth Sync="TRUE">4</attwidth><atprecis Sync="TRUE">0</atprecis><attscale Sync="TRUE">0</attscale><attrdef Sync="TRUE">Internal feature number.</attrdef><attrdefs Sync="TRUE">Esri</attrdefs><attrdomv><udom Sync="TRUE">Sequential unique whole numbers that are automatically generated.</udom></attrdomv></attr><attr><attrlabl Sync="TRUE">Shape</attrlabl><attalias Sync="TRUE">Shape</attalias><attrtype Sync="TRUE">Geometry</attrtype><attwidth Sync="TRUE">0</attwidth><atprecis Sync="TRUE">0</atprecis><attscale Sync="TRUE">0</attscale><attrdef Sync="TRUE">Feature geometry.</attrdef><attrdefs Sync="TRUE">Esri</attrdefs><attrdomv><udom Sync="TRUE">Coordinates defining the features.</udom></attrdomv></attr><attr><attrlabl Sync="TRUE">HA_CD</attrlabl><attalias Sync="TRUE">HA_CD</attalias><attrtype Sync="TRUE">String</attrtype><attwidth Sync="TRUE">1</attwidth><atprecis Sync="TRUE">0</atprecis><attscale Sync="TRUE">0</attscale></attr><attr><attrlabl Sync="TRUE">HA_ID</attrlabl><attalias Sync="TRUE">HA_ID</attalias><attrtype Sync="TRUE">String</attrtype><attwidth Sync="TRUE">10</attwidth><atprecis Sync="TRUE">0</atprecis><attscale Sync="TRUE">0</attscale></attr><attr><attrlabl Sync="TRUE">HA_Name</attrlabl><attalias Sync="TRUE">HA_Name</attalias><attrtype Sync="TRUE">String</attrtype><attwidth Sync="TRUE">50</attwidth><atprecis Sync="TRUE">0</atprecis><attscale Sync="TRUE">0</attscale></attr><attr><attrlabl Sync="TRUE">HA_Title</attrlabl><attalias Sync="TRUE">HA_Title</attalias><attrtype Sync="TRUE">String</attrtype><attwidth Sync="TRUE">52</attwidth><atprecis Sync="TRUE">0</atprecis><attscale Sync="TRUE">0</attscale></attr><attr><attrlabl Sync="TRUE">HA_Pop16</attrlabl><attalias Sync="TRUE">HA_Pop16</attalias><attrtype Sync="TRUE">Integer</attrtype><attwidth Sync="TRUE">7</attwidth><atprecis Sync="TRUE">7</atprecis><attscale Sync="TRUE">0</attscale></attr><attr><attrlabl Sync="TRUE">HA_Area</attrlabl><attalias Sync="TRUE">HA_Area</attalias><attrtype Sync="TRUE">Double</attrtype><attwidth Sync="TRUE">11</attwidth><atprecis Sync="TRUE">10</atprecis><attscale Sync="TRUE">2</attscale></attr><attr><attrlabl Sync="TRUE">Latitude</attrlabl><attalias Sync="TRUE">Latitude</attalias><attrtype Sync="TRUE">Double</attrtype><attwidth Sync="TRUE">11</attwidth><atprecis Sync="TRUE">10</atprecis><attscale Sync="TRUE">6</attscale></attr><attr><attrlabl Sync="TRUE">Longitude</attrlabl><attalias Sync="TRUE">Longitude</attalias><attrtype Sync="TRUE">Double</attrtype><attwidth Sync="TRUE">11</attwidth><atprecis Sync="TRUE">10</atprecis><attscale Sync="TRUE">6</attscale></attr></detailed></eainfo><distInfo><distFormat><formatName Sync="TRUE">Shapefile</formatName></distFormat><distTranOps><transSize Sync="TRUE">9.300</transSize></distTranOps></distInfo><mdHrLvName Sync="TRUE">dataset</mdHrLvName><refSysInfo><RefSystem><refSysID><identCode code="3005" Sync="TRUE"/><idCodeSpace Sync="TRUE">EPSG</idCodeSpace><idVersion Sync="TRUE">6.11(9.0.0)</idVersion></refSysID></RefSystem></refSysInfo><spatRepInfo><VectSpatRep><geometObjs Name="HA_2018"><geoObjTyp><GeoObjTypCd value="002" Sync="TRUE"></GeoObjTypCd></geoObjTyp><geoObjCnt Sync="TRUE">5</geoObjCnt></geometObjs><topLvl><TopoLevCd value="001" Sync="TRUE"></TopoLevCd></topLvl></VectSpatRep></spatRepInfo><spdoinfo><ptvctinf><esriterm Name="HA_2018"><efeatyp Sync="TRUE">Simple</efeatyp><efeageom code="4" Sync="TRUE"></efeageom><esritopo Sync="TRUE">FALSE</esritopo><efeacnt Sync="TRUE">5</efeacnt><spindex Sync="TRUE">FALSE</spindex><linrefer Sync="TRUE">FALSE</linrefer></esriterm></ptvctinf></spdoinfo><mdDateSt Sync="TRUE">20190703</mdDateSt></metadata>
